"BaselineProp.clusters","BaselineProp.Freq","PropMean.vehicle","PropMean.CHOP","PropRatio","Tstatistic","P.Value","FDR"
"LSEC_5",0.0785212781200745,0.0478297417584924,0.149396624558308,0.320152760478366,-1.18626907417205,0.277931209472339,0.746536038468043
"Central Vein",0.127525433443187,0.156777241824909,0.089838247795882,1.74510573916263,1.0790310685118,0.319784958816622,0.746536038468043
"LSEC_4",0.0832497492477432,0.123740283800495,0.0608289685757114,2.03423281206026,0.855550864681509,0.423300167476157,0.746536038468043
"LSEC_2",0.172517552657974,0.202642315035692,0.137621283019165,1.47246349249245,0.697791989217609,0.510000968356853,0.746536038468043
"LSEC_1",0.288723312795529,0.232948937665445,0.288728470891748,0.80680972314914,-0.516231828009244,0.623145152429683,0.746536038468043
"LSEC_3",0.249462673735492,0.236061479914967,0.273586405159186,0.862840680177858,-0.337591455826816,0.746536038468043,0.746536038468043
