"","Global","LSEC","LVEC"
"Global",1,0.917574767740028,-0.0828138988207283
"LSEC",0.917574767740028,1,-0.133217442007704
"LVEC",-0.0828138988207283,-0.133217442007704,1
