"","Global","Central Vein","LSEC"
"Global",1,-0.0828138988207283,0.917574767740028
"Central Vein",-0.0828138988207283,1,-0.133217442007704
"LSEC",0.917574767740028,-0.133217442007704,1
