"","Global","Central Vein","Midzonal","Periportal"
"Global",1,0.0661259813155622,0.247135722648991,0.90197324260474
"Central Vein",0.0661259813155622,1,0.387043640681579,-0.0117468269552874
"Midzonal",0.247135722648991,0.387043640681579,1,0.118865691224837
"Periportal",0.90197324260474,-0.0117468269552874,0.118865691224837,1
