"Set","Threshold","Value"
"SENESC_PANEL","Mean",0.32528975496215
"SASP","Mean",0.0786374388759224
"SENESCENCE","Mean",0.0812578392296852
"P53","Mean",0.0922765656457212
