"BaselineProp.clusters","BaselineProp.Freq","PropMean.vehicle","PropMean.CHOP","PropRatio","Tstatistic","P.Value","FDR"
"Central Vein",0.127525433443187,0.156777241824909,0.089838247795882,1.74510573916263,1.12895843753124,0.302022016385918,0.515101330735499
"Periportal",0.699957013898839,0.640580443139399,0.772540469184953,0.829186908247312,-1.0284502322942,0.343400887156999,0.515101330735499
"Midzonal",0.172517552657974,0.202642315035692,0.137621283019165,1.47246349249245,0.632413205764107,0.55044088792674,0.55044088792674
