"BaselineProp.clusters","BaselineProp.Freq","PropMean.vehicle","PropMean.CHOP","PropRatio","Tstatistic","P.Value","FDR"
"LVEC",0.127525433443187,0.156777241824909,0.089838247795882,1.74510573916263,0.762492497733479,0.525421172796858,0.525421172796858
"LSEC",0.872474566556813,0.843222758175091,0.910161752204118,0.926453738726197,-0.762492497733478,0.525421172796858,0.525421172796858
